{
  "contacts": [
    {
      "fullname": "یونس قربانی",
      "mobile": "091344566778",
      "photo": "https://barnamenevisan.info/content/images/user/thumb/40fe523109fe43558728ee992e73e5ef.jpeg",
      "email": "maryamkaramad73@gmail.com",
      "job": "برنامه نویس",
      "group": "1",
      "id": 1
    },
    {
      "fullname": "ایمان مداینی ",
      "photo": "https://barnamenevisan.info/content/images/user/thumb/4_c769bca7-73bf-4ff9-bb80-e0fafd0d98a4.jpg",
      "mobile": "0917888010",
      "email": "madayen.gh@gmail",
      "job": "برنامه نویس",
      "group": "2",
      "id": 2
    },
    {
      "fullname": "محسن ساریخانی",
      "mobile": "09162780255",
      "email": "maryamkaramad73@gmail.com",
      "job": "برنامه نویس",
      "group": "2",
      "id": 3,
      "photo": "https://barnamenevisan.info/content/images/user/thumb/b0020b850d574d60824c7ea12d1c2042.png"
    }
  ],
  "groups": [
    {
      "id": "1",
      "name": "همکار"
    },
    {
      "id": "2",
      "name": "دوست"
    },
    {
      "id": "3",
      "name": "فامیل"
    },
    {
      "id": "4",
      "name": "سرویس"
    },
    {
      "id": "5",
      "name": "آشنا"
    }
  ]
}